,sequence,input_count,assembled_count,fold_change,log2_FC,flanking sites
477226,TAGAAGCCGTCCGTGGGAGTCCTGATACAG,513,0,0.001961422480789986,-8.993883966218698,"Counter({('GCTCTTC', 'GAAGAGC'): 500, ('GCTCTTC', 'GAATAGC'): 2, ('GCACTTC', 'GAAGAGC'): 2, ('GCTCATC', 'GAAGAGC'): 1, ('TCTCTTC', 'GAAGAGC'): 1})"
565822,TTCCAAGGGAGCGTTTCGGGGTCATCTTAG,377,0,0.0026671194580054304,-8.550501841245893,"Counter({('GCTCTTC', 'GAAGAGC'): 368, ('GCTCTTA', 'GAAGAGC'): 2, ('GCTCTTC', 'GAAGGGC'): 1, ('GCTCTTC', 'GAATAGC'): 1})"
28942,GGGTGGTCTGCAGAGATGCGGTCCGTATCA,376,0,0.0026741940454271954,-8.546680130293485,"Counter({('GCTCTTC', 'GAAGAGC'): 368, ('GATCTTC', 'GAAGAGC'): 2, ('GCTCTTC', 'GTAGAGC'): 1, ('GCTCTTC', 'GAGGAGC'): 1})"
108155,GGCAAGTAGGTGGCTGCGATTAGTTGACGG,316,0,0.00318035064708534,-8.296598447164227,"Counter({('GCTCTTC', 'GAAGAGC'): 311, ('GCTCTTC', 'TAAGAGC'): 1})"
86157,AGCGTGGGCGCACGCCAGTCTTTAGGCGTT,304,0,0.003305479197134599,-8.240924849475068,"Counter({('GCTCTTC', 'GAAGAGC'): 296})"
227155,CTGCGGGGGGTTCGGGCGGGGTCACAGGAC,263,0,0.00381883013305323,-8.032653536383274,"Counter({('GCTCTTC', 'GAAGAGC'): 260, ('GCTCATC', 'GAAGAGC'): 1})"
165138,ATGGCGTGTATGGTAGCATTACTTGCTTCC,260,0,0.0038627247322837273,-8.016165413594704,"Counter({('GCTCTTC', 'GAAGAGC'): 257, ('GCTATTC', 'GAAGAGC'): 1})"
584478,CTTCTAATGTGCTTTGAAGCTTTTTGTGTA,256,0,0.003922844961579972,-7.993883966218697,"Counter({('GCTCTTC', 'GAAGAGC'): 246, ('GCTCTTC', 'TAAGAGC'): 2, ('GCTCTTC', 'GAATAGC'): 1, ('GCTCTTA', 'GAAGAGC'): 1})"
54872,TCTGTTTTCGGCCGGCCAGTAAAGGATCTT,233,0,0.004308423739854926,-7.858624136608224,"Counter({('GCTCTTC', 'GAAGAGC'): 229, ('TCTCTTC', 'GAAGAGC'): 1, ('GCTCTGC', 'GAGGAGC'): 1, ('GCACTTC', 'GAAGAGC'): 1})"
202316,TCCGAAGGGTAGAGCTACTGGGCTTTTACG,230,0,0.004364377294917976,-7.840008458440877,"Counter({('GCTCTTC', 'GAAGAGC'): 225, ('GCTCGTC', 'GAAGAGC'): 1, ('GCTCTTC', 'GAAGATC'): 1})"
502694,ATGTGACAGCTAACGTCCCGATACCCGGTT,225,0,0.004460934314717047,-7.808438379440007,"Counter({('GCTCTTC', 'GAAGAGC'): 221, ('ACTCTTC', 'GAAGAGC'): 1, ('TCTCTTC', 'GAAGAGC'): 1})"
512523,CGCTCTCTCGGGTTAGGTGAGAGCAATGAC,224,0,0.004480760689449123,-7.802040608241857,"Counter({('GCTCTTC', 'GAAGAGC'): 218})"
242019,CACTGAATGTTATAGGCTGGGCGCCATACT,220,0,0.004561860430434627,-7.776161976416251,"Counter({('GCTCTTC', 'GAAGAGC'): 211, ('GTTCTTC', 'GAAGAGC'): 1, ('GATCTTC', 'GAAGAGC'): 1, ('GCTCTTC', 'GAATAGC'): 1})"
376915,AAAACCAAGTGATGTGCCCTGCAAGAATCT,205,0,0.004894034733621615,-7.674759944208038,"Counter({('GCTCTTC', 'GAAGAGC'): 202})"
66111,AGATGAAGAAGTCGAGATATTATGTATTTT,205,0,0.004894034733621615,-7.674759944208038,"Counter({('GCTCTTC', 'GAAGAGC'): 198, ('GCTCTTC', 'GAATAGC'): 2})"
558365,TCTGATCCTTATGGCAGTGGGCTTAAAAGG,203,0,0.00494201546630418,-7.660684758996315,"Counter({('GCTCTTC', 'GAAGAGC'): 197, ('GCTCTTC', 'GAATAGC'): 2, ('GCTCTTC', 'GANGAGC'): 1})"
340941,ATGGTTACGTTCAAAAGGGCTTTCGAAGAG,187,0,0.005362612527266238,-7.542848268702457,"Counter({('GCTCTTC', 'GAAGAGC'): 181, ('TCTCTTC', 'GAAGAGC'): 2, ('GCTCTTC', 'GACGAGC'): 1})"
70861,TCGAGTGCAATGGGTGATGCACGCTGTTGG,177,0,0.0056638828939665885,-7.463992847991217,"Counter({('GCTCTTC', 'GAAGAGC'): 177})"
203421,GTCACCGTTGATCCGATGGGGCTATGTCCG,176,0,0.00569588223235058,-7.455864967107817,"Counter({('GCTCTTC', 'GAAGAGC'): 173, ('GCTCTTT', 'GAAGAGC'): 1})"
195065,GGGCTTAGGACCGGAGCTTCCTGGAGCTCG,173,0,0.0057940870984255904,-7.431202912873548,"Counter({('GCTCTTC', 'GAAGAGC'): 174})"
554142,AGATATTCTCCGGCATTGAGGGGTACATGG,173,0,0.0057940870984255904,-7.431202912873548,"Counter({('GCTCTTC', 'GAAGAGC'): 169, ('GCTCTGC', 'GAAGAGC'): 1, ('GATCTTC', 'GAAGAGC'): 1, ('GCTCTTC', 'GAAGTGC'): 1})"
180510,GACAAGTTGAATCAAAGTGTCAGCATTTCC,171,0,0.005861460204221236,-7.414524171726918,"Counter({('GCTCTTC', 'GAAGAGC'): 170, ('GCTATTC', 'GAAGAGC'): 1})"
501124,GCGATACAATTCGACCGGTTGTCCGATGGT,171,0,0.005861460204221236,-7.414524171726918,"Counter({('GCTCTTC', 'GAAGAGC'): 166, ('GCTCTTC', 'GAAGAGA'): 2, ('GCTCTTC', 'GAATAGC'): 1})"
552642,CCCGTTTAGTAGGTTGAGGTGGGAGGGCTA,168,0,0.005965509793645282,-7.389138853307004,"Counter({('GCTCTTC', 'GAAGGCC'): 167, ('GCTCTTC', 'GAATGAC'): 1})"
313204,CGATTGGTGTCTTCGGTGGGGCTTTAGGGT,164,0,0.006110128212885168,-7.354581631270635,"Counter({('GCTCTTC', 'GAAGAGC'): 159, ('GCCCTTC', 'GAAGAGC'): 1, ('GCTCTTC', 'GAAGAGA'): 1, ('GCTCTTC', 'GAATAGC'): 1})"
394802,CGTAGAAATGGATACGTGTCACAAATTCGG,157,0,0.00638083009573451,-7.292040165201922,"Counter({('GCTCTTC', 'GAAGAGC'): 150, ('GCTCTTC', 'GAAGATC'): 1, ('GCTCTTT', 'GAAGAGC'): 1, ('GATCTTC', 'GAAGAGC'): 1})"
159082,GGCTCGTAACACATGGAAGTAACCCACGTA,154,0,0.006504330033071308,-7.264383822299057,"Counter({('GCTCTTC', 'GAAGAGC'): 155})"
444174,TTCGACGGCTGGTGGAGTTAACCCCTGACA,154,0,0.006504330033071308,-7.264383822299057,"Counter({('GCTCTTC', 'GAAGAGC'): 151})"
449196,AGCCGTGGTGAGCGGTCAGCGTTGGCCGCC,151,0,0.006632704967934557,-7.236186930468405,"Counter({('GCTCTTC', 'GAAGAGC'): 148})"
288014,GGCATGGTGCGACAGCTGGGTGATCGGCCG,150,0,0.0066766301663977005,-7.226664156349899,"Counter({('GCTCTTC', 'GAAGAGC'): 148, ('GCCCTTC', 'GAAGAGC'): 1})"
217265,AGAGCACCGTTACAGCTGCGCCTCGTAGTC,149,0,0.006721141034173685,-7.217078107520701,"Counter({('GCTCTTC', 'GAAGAGC'): 149, ('GCTCTTC', 'GAAGAGA'): 1})"
455621,GGTGAGGTTTGCCATTAGATTTGGTGGTGT,148,0,0.0067662493632620994,-7.207427937486981,"Counter({('GCTCTTC', 'GAAGAGC'): 147})"
471878,TGGTCCCGGCCGGGTGACACTTTGCGAATT,147,0,0.006811967264365221,-7.1977127826537695,"Counter({('GCTCTTC', 'GAAGAGC'): 145, ('GCTCTTC', 'GAAGTGC'): 1, ('GCTCTTC', 'GAAGAGA'): 1, ('GCTCTAC', 'GAAGAGC'): 1})"
226871,CGTCCGTGAGGAAATAGAAGTTGCTACTGG,143,0,0.007001188577264255,-7.158184418467132,"Counter({('GCTCTTC', 'GAAGAGC'): 143, ('GCTCTTC', 'TAAGAGC'): 1})"
188247,GAGTTCGGCCTTGGGCGGCGTGGAGGGGGT,142,0,0.007050147937944424,-7.148130753803209,"Counter({('GCTCTTC', 'GAAGAGC'): 139})"
302432,ACGGCGAGGTGGGGTGTTACCTCTATCGCG,140,0,0.007150150036354984,-7.127810769423613,"Counter({('GCTCTTC', 'GAAGAGC'): 138})"
159638,TGGTTTTGTTACCGCTGATGGGTTCCGATG,135,0,0.00741302319945627,-7.075722258275159,"Counter({('GCTCTTC', 'GAAGAGC'): 134})"
22322,CATGTATTTGTGGATTACCCGTATTCTACA,132,0,0.007580234249068066,-7.043541852526009,"Counter({('GCTCTTC', 'GAAGAGC'): 128, ('GATCTTC', 'GAAGAGC'): 1, ('GCTCCTC', 'GAAGAGC'): 1})"
300984,AACAACCGAAGAACTATGCCTAGTATTGCC,129,0,0.007755162731738866,-7.010627230053275,"Counter({('GCTCTTC', 'GAAGAGC'): 129})"
259297,GATGAGCAGTAAGGGCGACGTAGTGCTATT,129,0,0.007755162731738866,-7.010627230053275,"Counter({('GCTCTTC', 'GAAGAGC'): 128})"
30758,TTAAGAATGGCCCGTCGCAATCGGCCGTGA,127,0,0.007876337149422286,-6.988259417024819,"Counter({('GCTCTTC', 'GAAGAGC'): 124, ('GCTCTCC', 'GAAGAGC'): 1, ('GCTCTTC', 'GAAGAGA'): 1})"
416192,TGATGTCAACTATAGGTCGAGGCTGGCCCT,126,0,0.007938355552173643,-6.976944103796986,"Counter({('GCTCTTC', 'GAAGAGC'): 126})"
529886,CTTTAGTCCAATTCATGAGCGTACGCTCTT,125,0,0.008001358374016292,-6.965539340524736,"Counter({('GCTCTTC', 'GAAGAGC'): 125})"
205124,GGTGATGCCACGTAAGACGGGACGTGTCAC,124,0,0.008065369241008421,-6.954043701686907,"Counter({('GCTCTTC', 'GAAGAGC'): 124})"
25742,GTCTTTGTTGTGGAGATGGCATCGGCCGGT,124,0,0.008065369241008421,-6.954043701686907,"Counter({('GCTCTTC', 'GAAGAGC'): 121, ('GCTCTTC', 'GAGGAGC'): 1, ('TCTCTTC', 'GAAGAGC'): 1, ('GCACTTC', 'GAAGAGC'): 1})"
333128,TCAGGGGGGTTTTGGAGTTCAGCGGCGATC,123,0,0.008130412541339135,-6.942455727411695,"Counter({('GCTCTTC', 'GAAGAGC'): 121, ('TCTCTTC', 'GAAGAGC'): 1, ('GCTCTTC', 'TAAGAGC'): 1})"
433985,TGCGATCCAAGGGACTCTGAGGTGTGTGCA,122,0,0.008196513456309371,-6.930773922364059,"Counter({('GCTCTTC', 'GAAGAGC'): 120})"
496542,TTCGATCGTCAGGCTCCCGATGGGCTAAAC,122,0,0.008196513456309371,-6.930773922364059,"Counter({('GCTCTTC', 'GAAGAGC'): 123})"
133862,ATCGTTAGGCGAAAAACGACGAACGCAGAG,122,0,0.008196513456309371,-6.930773922364059,"Counter({('GCTCTTC', 'GAAGAGC'): 118, ('GCTATTC', 'GAAGAGC'): 1, ('GCTCTTC', 'AAAGAGC'): 1, ('ACTCTTC', 'GAAGAGC'): 1})"
540819,GCAGGTACCCCACGGGTGTATCTGGCGGCG,121,0,0.008263697992836497,-6.918996754587706,"Counter({('GCTCTTC', 'GAAGAGC'): 119})"
358954,GCATGAAGGGTGGTCGATAAGGACGGTCGG,120,0,0.008331993017570684,-6.907122654299414,"Counter({('GCTCTTC', 'GAAGAGC'): 119})"
295767,AGTGATTTATCTTTATTCCATTGAAGTTTG,118,0,0.008472026513664308,-6.883077180332763,"Counter({('GCTCTTC', 'GAAGAGC'): 116})"
548369,CTCCCGGAATCCCTGAGGGAGAGGCTCGGG,117,0,0.00854382334852587,-6.870902466386661,"Counter({('GCTCTTC', 'GAAGAGC'): 113, ('GCTCTTC', 'GACGAGC'): 1, ('GCTCTGC', 'GAAGAGC'): 1})"
245996,ATAGACTGGTGGAGTATGAGGTACGGCGCA,117,0,0.00854382334852587,-6.870902466386661,"Counter({('GCTCTTC', 'GAAGAGC'): 114, ('GCTCCTC', 'GAAGAGC'): 1})"
116859,GAATCACCCGAAGCTTTGCACTTTGCCTGG,116,0,0.008616847479709852,-6.858624136608224,"Counter({('GCTCTTC', 'GAAGAGC'): 118})"
135804,GAACCACCCGATCGGTCGAATTTCAGAGGG,116,0,0.008616847479709852,-6.858624136608224,"Counter({('GCTCTTC', 'GAAGAGC'): 113, ('GCTCTTC', 'GAATAGC'): 1, ('TCTCTTC', 'GAAGAGC'): 1})"
248286,TTGGGTAGAATCCCGTCTACGGATCGCAAT,115,0,0.008691130647638386,-6.846240412152392,"Counter({('GCTCTTC', 'GAAGAGC'): 113})"
224938,CGTTACAGATGTTGATGCAGGGGCGGCCCT,114,0,0.008766705696748284,-6.833749467969195,"Counter({('GCTCTTC', 'GAAGAGC'): 112, ('ACTCTTC', 'GAAGAGC'): 1})"
482084,TTAGGTAAAAGTGTTTTAGCGTGCCTGGGG,114,0,0.008766705696748284,-6.833749467969195,"Counter({('GCTCTTC', 'GAAGAGC'): 111})"
436900,GGGGGAGGTGGGGGCGGAGATAGGCCGGTC,114,0,0.008766705696748284,-6.833749467969195,"Counter({('GCTCTTC', 'GAAGAGC'): 111, ('GCTCGTC', 'GAAGAGC'): 1, ('GCTCTTC', 'GAATAGC'): 1})"
354140,AGAGGCCTTAGGAAACAACGCCGTAGTTGA,114,0,0.008766705696748284,-6.833749467969195,"Counter({('GCTCTTC', 'GAAGAGC'): 113})"
511535,TTTAGATTGGGTCGTGCCGATTCTTGGAAA,113,0,0.008843606623912743,-6.8211494311895615,"Counter({('GCTCTTC', 'GAAGAGC'): 111, ('GCTCTTC', 'TAAGAGC'): 1, ('GCTCTTC', 'GAAGATC'): 1})"
196733,TTTCTAATTGAACAACGGCAGGTGGGTCTC,113,0,0.008843606623912743,-6.8211494311895615,"Counter({('GCTCTTC', 'GAAGAGC'): 111, ('GATCTTC', 'GAAGAGC'): 1})"
297367,GCGCTGTGTTGCCCAGGCAGGGGACCGAAA,111,0,0.009001528170768328,-6.795614339082424,"Counter({('GCTCTTC', 'GAAGAGC'): 111, ('TCTCTTC', 'GAAGAGC'): 1})"
516028,AAAGACACCGGCCTTGCGAGAACGTGCATG,107,0,0.009334918103019008,-6.743146919188288,"Counter({('GCTCTTC', 'GAAGAGC'): 105, ('GCTCTTC', 'GAAGAGA'): 1})"
571157,ATGCGGCATCGGTTGTTATAGAGAGCGCGG,106,0,0.009422160328280867,-6.729726403425967,"Counter({('GCTCTTC', 'GAAGAGC'): 101})"
225021,GTAGGTGTCGGGGACAGTGGTCAGTCTCCA,103,0,0.009693953414673584,-6.688699135165912,"Counter({('GCTCTTC', 'GAAGAGC'): 101, ('GCTCGTC', 'GAAGAGC'): 1})"
251440,TTTGGATTTTTCGTATGAACAGGTCCGTCG,102,0,0.00978806946724323,-6.674759944208038,"Counter({('GCTCTTC', 'GAAGAGC'): 97, ('GCTCTGC', 'GAAGAGC'): 1})"
369037,CGCGGATACACGGAGGGTAAAACACCGCTT,102,0,0.00978806946724323,-6.674759944208038,"Counter({('GCTCTTC', 'GAAGAGC'): 100, ('GCTATTC', 'GAAGAGC'): 1})"
465371,CACCGCGGCCGTTACCCTTACCCCTGACGG,101,0,0.00988403093260836,-6.660684758996315,"Counter({('GCTCTTC', 'GAAGAGC'): 91, ('GCTCTTC', 'GAAGATC'): 2, ('GCTCTTA', 'GAAGAGC'): 1})"
